Name of Countries,Year,Tourist_Arrivals
U.K.,2001,405472.0
France,2001,102434.0
China,2001,13901.0
Italy,2001,68940.0
Bangladesh,2001,431312.0
Japan,2001,80634.0
Malaysia,2001,57869.0
Nepal,2001,41135.0
Russia,2001,15154.0
Usa,2001,329147.0
Germany,2001,80011.0
Thailand,2001,18623.0
Pakistan,2001,52762.0
Singapore,2001,42824.0
Australia,2001,52691.0
Korea (South),2001,27150.0
Japan,2001,80634.0
Sri Lanka,2001,112813.0
Canada,2001,88600.0
U.K.,2002,387846.0
France,2002,78194.0
China,2002,15422.0
Italy,2002,37136.0
Bangladesh,2002,435867.0
Japan,2002,59709.0
Malaysia,2002,63748.0
Nepal,2002,43758.0
Russia,2002,18643.0
Usa,2002,50743.0
Germany,2002,64891.0
Thailand,2002,19789.0
Pakistan,2002,2946.0
Singapore,2002,44306.0
Australia,2002,50743.0
Korea (South),2002,29374.0
Japan,2002,59709.0
Sri Lanka,2002,50743.0
Canada,2002,93598.0
U.K.,2003,430917.0
France,2003,97654.0
China,2003,21152.0
Italy,2003,46908.0
Bangladesh,2003,454611.0
Japan,2003,77996.0
Malaysia,2003,70750.0
Nepal,2003,43597.0
Russia,2003,26948.0
Usa,2003,410803.0
Germany,2003,76868.0
Thailand,2003,26273.0
Pakistan,2003,10364.0
Singapore,2003,48368.0
Australia,2003,58730.0
Korea (South),2003,35584.0
Japan,2003,7799600.0
Sri Lanka,2003,109098.0
Canada,2003,107671.0
U.K.,2004,555907.0
France,2004,131824.0
China,2004,34100.0
Italy,2004,65561.0
Bangladesh,2004,477446.0
Japan,2004,96851.0
Malaysia,2004,84390.0
Nepal,2004,53207.0
Russia,2004,47077.0
Usa,2004,526120.0
Germany,2004,82999.0
Thailand,2004,33442.0
Pakistan,2004,67416.0
Singapore,2004,60710.0
Australia,2004,81608.0
Korea (South),2004,47835.0
Japan,2004,96851.0
Sri Lanka,2004,128711.0
Canada,2004,135884.0
U.K.,2005,651803.0
France,2005,152258.0
China,2005,44897.0
Italy,2005,67642.0
Bangladesh,2005,456371.0
Japan,2005,103082.0
Malaysia,2005,96276.0
Nepal,2005,77024.0
Russia,2005,56446.0
Usa,2005,611165.0
Germany,2005,120243.0
Thailand,2005,41978.0
Pakistan,2005,88609.0
Singapore,2005,68666.0
Australia,2005,96258.0
Korea (South),2005,49895.0
Japan,2005,103082.0
Sri Lanka,2005,136400.0
Canada,2005,157643.0
U.K.,2006,734240.0
France,2006,108576.5
China,2006,62330.0
Italy,2006,79978.0
Bangladesh,2006,484401.0
Japan,2006,119292.0
Malaysia,2006,107286.0
Nepal,2006,91552.0
Russia,2006,62203.0
Usa,2006,696739.0
Germany,2006,156808.0
Thailand,2006,46623.0
Pakistan,2006,83426.0
Singapore,2006,82574.0
Australia,2006,109867.0
Korea (South),2006,70407.0
Japan,2006,119292.0
Sri Lanka,2006,154813.0
Canada,2006,176567.0
U.K.,2007,796191.0
France,2007,204827.0
China,2007,88103.0
Italy,2007,93540.0
Bangladesh,2007,480240.0
Japan,2007,145538.0
Malaysia,2007,112741.0
Nepal,2007,83037.0
Russia,2007,75543.0
Usa,2007,799062.0
Germany,2007,184195.0
Thailand,2007,50037.0
Pakistan,2007,145538.0
Singapore,2007,9290800.0
Australia,2007,135925.0
Korea (South),2007,84583.0
Japan,2007,145538.0
Sri Lanka,2007,145538.0
Canada,2007,208214.0
U.K.,2008,776530.0
France,2008,207802.0
China,2008,98093.0
Italy,2008,85766.0
Bangladesh,2008,541884.0
Japan,2008,145352.0
Malaysia,2008,115794.0
Nepal,2008,78133.0
Russia,2008,91095.0
Usa,2008,804933.0
Germany,2008,204344.0
Thailand,2008,58065.0
Pakistan,2008,85529.0
Singapore,2008,97851.0
Australia,2008,146209.0
Korea (South),2008,79802.0
Japan,2008,130573.0
Sri Lanka,2008,218805.0
Canada,2008,222364.0
U.K.,2009,769251.0
France,2009,124756.0
China,2009,100209.0
Italy,2009,77873.0
Bangladesh,2009,468899.0
Japan,2009,124756.0
Malaysia,2009,135343.0
Nepal,2009,88785.0
Russia,2009,94945.0
Usa,2009,124756.0
Germany,2009,191616.0
Thailand,2009,67309.0
Pakistan,2009,53137.0
Singapore,2009,95328.0
Australia,2009,149074.0
Korea (South),2009,70485.0
Japan,2009,124756.0
Sri Lanka,2009,239995.0
Canada,2009,224069.0
U.K.,2010,759494.0
France,2010,225232.0
China,2010,119530.0
Italy,2010,94100.0
Bangladesh,2010,168019.0
Japan,2010,168019.0
Malaysia,2010,179077.0
Nepal,2010,168019.0
Russia,2010,122048.0
Usa,2010,931292.0
Germany,2010,227720.0
Thailand,2010,76617.0
Pakistan,2010,51739.0
Singapore,2010,107487.0
Australia,2010,169647.0
Korea (South),2010,95587.0
Japan,2010,168019.0
Sri Lanka,2010,266515.0
Canada,2010,242372.0
U.K.,2011,798249.0
France,2011,231423.0
China,2011,142218.0
Italy,2011,100889.0
Bangladesh,2011,463543.0
Japan,2011,193525.0
Malaysia,2011,208196.0
Nepal,2011,119131.0
Russia,2011,144312.0
Usa,2011,980688.0
Germany,2011,193525.0
Thailand,2011,92404.0
Pakistan,2011,48640.0
Singapore,2011,119022.0
Australia,2011,192592.0
Korea (South),2011,193525.0
Japan,2011,193525.0
Sri Lanka,2011,305853.0
Canada,2011,259017.0
U.K.,2012,788170.0
France,2012,195853.0
China,2012,168952.0
Italy,2012,98743.0
Bangladesh,2012,487397.0
Japan,2012,220015.0
Malaysia,2012,195853.0
Nepal,2012,125375.0
Russia,2012,177526.0
Usa,2012,1039947.0
Germany,2012,195853.0
Thailand,2012,105141.0
Pakistan,2012,59846.0
Singapore,2012,131452.0
Australia,2012,202105.0
Korea (South),2012,109469.0
Japan,2012,220015.0
Sri Lanka,2012,296983.0
Canada,2012,256021.0
U.K.,2013,809444.0
France,2013,248379.0
China,2013,174712.0
Italy,2013,93951.0
Bangladesh,2013,524923.0
Japan,2013,220283.0
Malaysia,2013,242649.0
Nepal,2013,113790.0
Russia,2013,259120.0
Usa,2013,220283.0
Germany,2013,252003.0
Thailand,2013,117136.0
Pakistan,2013,111794.0
Singapore,2013,143025.0
Australia,2013,218967.0
Korea (South),2013,112619.0
Japan,2013,220283.0
Sri Lanka,2013,262345.0
Canada,2013,255222.0
U.K.,2014,942562.0
France,2014,246101.0
China,2014,181020.0
Italy,2014,91589.0
Bangladesh,2014,838860.0
Japan,2014,239106.0
Malaysia,2014,239762.0
Nepal,2014,126416.0
Russia,2014,269832.0
Usa,2014,1118983.0
Germany,2014,262026.0
Thailand,2014,121362.0
Pakistan,2014,96434.0
Singapore,2014,150731.0
Australia,2014,219516.0
Korea (South),2014,106870.0
Japan,2014,239106.0
Sri Lanka,2014,301601.0
Canada,2014,268485.0
U.K.,2015,867601.0
France,2015,230854.0
China,2015,206322.0
Italy,2015,88091.0
Bangladesh,2015,1133879.0
Japan,2015,207415.0
Malaysia,2015,272941.0
Nepal,2015,154720.0
Russia,2015,172419.0
Usa,2015,1213624.0
Germany,2015,248314.0
Thailand,2015,115860.0
Pakistan,2015,124924.0
Singapore,2015,152238.0
Australia,2015,263101.0
Korea (South),2015,102993.0
Japan,2015,207415.0
Sri Lanka,2015,299513.0
Canada,2015,281306.0
