Name of Countries,2001,2002,2003,2004,2005,2006,2007,2008,2009,2010,2011,2012,2013,2014,2015 ,Notes
U.K.,405472,387846,430917,-555907,651803,734240,796191,776530,769251,759494,798249,788170,809444,942562,867601,
FRANCE,102434,78194,97654,131824,152258,-,204827,207802,?,225232,231423,,248379,246101,230854,
China,13901,15422,21152,34100,44897,62330,88103,98093,100209,$119530,142218,168952,174712,181020,206322,
ITALY,,37136,46908,65561,67642, 79978 ,93540,85766,77873,94100,100889,98743,93951,91589,88091,
Bangladesh ,$431312,435867,454611,477446,456371,484401,480240,541884,468899,?,463543,487397,524923,838860,1133879,
Japan,80634,59709,77996,96851,103082,119292,145538,145352,124756,168019,193525,220015,220283,239106,207415,check later
MALAYSIA,57869,$63748,70750,84390,96276,107286,112741,115794,135343,179077,208196,195853,242649,239762,272941,
Nepal,41135,43758,43597,53207,77024,91552,83037,78133,88785,,119131,125375,113790,126416,154720,
RUSSIA,15154, 18643 ,26948,47077,56446,62203,75543,91095,94945,122048,144312,177526,259120,269832,172419,
 usa ,329147,,410803,526120,611165,696739,799062,804933,,931292,980688,1039947,,1118983,1213624,check later
,,,,,,,,,,,,,,,,
GERMANY,80011,64891,76868,,120243,156808,184195,204344,191616,227720,-,,252003,262026,248314,
Thailand,18623,19789,26273,33442,41978,46623,50037,58065,67309,76617,92404,105141,117136,121362,115860,
Pakistan,52762,2946,10364,-67416,88609,83426,,85529,53137,51739,48640,59846,111794,96434,124924,
TOTAL ,2537282,2384364,2726214,3456698,3918610,4447167,5081504,5282603,5167699,5775692,6309222,6577745,6967601,7679099,8027133,
SINGAPORE,42824,44306,48368,60710,68666,82574,9290800,97851,95328,107487,119022,131452,143025,150731,152238,
Others,543399,545751,641792,798579,,952716,1136453,1224252,1193023,1402880,1560605,1619293,1721930,1857843,1891018,
AUSTRALIA,52691,50743,58730,81608,96258,109867,135925,146209,149074,169647,192592,202105,"218,967",219516,-263101,
KOREA (SOUTH),27150,29374,35584,47835,49895,70407,84583,79802,"70,485",95587,-,109469,112619,106870,102993,
JAPAN,80634,59709,7799600,96851,103082,119292,145538,,124756,168019,193525,220015,220283,239106,207415,
Sri Lanka,112813,~108008,109098,128711,136400, 154813 ,-,218805,239995,266515,305853,296983,262345,301601,299513,
Sri Lanka,112813,~108008,109098,128711,136400, 154813 ,-,218805,239995,266515,305853,296983,262345,301601,299513,
,,,,,,,,,,,,,,,,check later
CANADA,88600,93598,107671, 135884 ,157643,176567,208214,222364,224069,242372,259017,256021,255222,268485,281306,
Thailand,18623,19789,26273,33442,41978,46623,50037,58065,67309,76617,92404,105141,117136,121362,115860,
